Organization,Followed On
My Job Glasses,Thu Jan 29 16:32:24 UTC 2026
MyCopilot,Sat Nov 29 05:50:30 UTC 2025
STATION F,Fri Apr 18 20:43:51 UTC 2025
Aktio (Groupe Apave),Fri Apr 18 20:43:40 UTC 2025
GitHub,Sun Feb 23 00:14:55 UTC 2025
Alphabet Inc.,Fri Mar 09 06:38:48 UTC 2018
Tracktor,Tue Dec 12 22:21:38 UTC 2017
Le Collectionist,Tue Nov 28 14:36:48 UTC 2017
Qonto,Wed Jul 05 18:09:44 UTC 2017
"ETNA, école d'alternance en informatique",Thu Mar 23 23:12:46 UTC 2017
Mooncard,Sat Feb 18 18:53:39 UTC 2017
PayCar,Wed Nov 16 18:55:48 UTC 2016
Epitech - L'école de l'excellence informatique,Tue Sep 06 11:18:35 UTC 2016
Litige.fr | Demander Justice,Sat Mar 14 22:30:33 UTC 2015
JobTeaser,Sun May 03 19:54:32 UTC 2015